name,HA,HD,mw,lp,tpsa,rb,ha
CHEMBL182655,8,1,530.456000,5.656800,81.920000,9,36
CHEMBL139427,10,7,374.438000,-1.704000,173.840000,14,26
CHEMBL3358452,6,2,487.448000,4.083600,60.500000,5,34
CHEMBL281147,10,8,515.618000,1.188400,156.930000,10,38
CHEMBL2011891,6,2,525.640000,6.124500,70.670000,9,38
CHEMBL204474,7,4,437.503000,4.475480,120.070000,8,33
CHEMBL2048819,8,0,461.595000,2.952020,71.560000,5,33
CHEMBL3593815,7,3,507.537000,4.720820,92.710000,7,37
CHEMBL1082723,4,3,390.245000,4.343700,56.920000,0,26
CHEMBL3319407,10,2,587.127000,4.251380,135.500000,5,39
CHEMBL1088038,6,1,442.494000,4.355700,69.300000,3,33
CHEMBL3218892,8,0,464.614000,3.827020,78.070000,7,34
CHEMBL3342358,8,3,418.910000,3.217300,108.900000,7,28
CHEMBL320289,16,7,897.178000,2.654100,221.370000,22,62
CHEMBL1079322,7,4,528.641000,5.662200,99.330000,13,36
CHEMBL321403,9,1,569.735000,5.236800,98.320000,11,41
CHEMBL181312,6,3,435.446000,2.728600,86.870000,7,31
CHEMBL2163441,18,13,735.847000,-1.052100,292.780000,19,53
CHEMBL2069411,7,2,459.424000,3.310500,93.570000,6,33
CHEMBL535353,6,3,529.866000,4.646200,90.010000,8,33
CHEMBL2164835,7,2,442.947000,2.216320,73.910000,5,31
CHEMBL249640,7,2,498.590000,5.448200,88.490000,8,38
CHEMBL244936,4,0,409.961000,5.145720,38.130000,4,29
CHEMBL2203623,9,4,538.689000,1.678900,120.000000,5,39
CHEMBL3358453,4,1,454.829000,6.013800,35.580000,5,29
CHEMBL203581,8,3,467.595000,3.140400,110.440000,7,33
CHEMBL2011827,8,2,498.583000,3.654000,90.980000,7,37
CHEMBL3319278,8,2,393.808000,2.846600,118.370000,3,26
CHEMBL415674,10,5,595.748000,3.151600,115.040000,12,44
CHEMBL3593632,9,2,580.685000,4.612600,102.020000,7,43
CHEMBL411055,6,2,437.584000,4.923700,70.670000,6,32
CHEMBL353007,8,2,607.176000,3.421800,98.820000,6,42
CHEMBL2048818,7,0,488.028000,4.281800,64.130000,9,34
CHEMBL2164505,5,2,515.268000,5.734100,61.440000,5,32
CHEMBL181584,8,2,524.360000,5.867820,102.690000,6,36
CHEMBL403066,7,3,483.616000,4.063100,95.060000,10,36
CHEMBL18872,9,8,502.619000,2.243440,158.890000,9,37
CHEMBL2426681,6,0,474.630000,4.368100,58.560000,5,34
CHEMBL184093,7,1,524.489000,5.726800,76.830000,9,35
CHEMBL308716,9,4,509.614000,3.625300,129.890000,7,38
CHEMBL3319401,10,2,575.116000,4.602900,126.290000,10,38
CHEMBL3319274,6,2,396.255000,4.573600,80.320000,3,25
CHEMBL222498,8,5,553.755000,6.133600,117.410000,14,41
CHEMBL113313,9,3,505.619000,1.714700,117.330000,9,37
CHEMBL291333,13,5,680.743000,1.667800,196.640000,13,46
CHEMBL509976,15,11,834.035000,3.025800,246.190000,21,61
CHEMBL3218909,8,0,479.625000,3.680300,74.410000,8,35
CHEMBL205286,7,5,487.454000,4.054200,123.990000,6,33
CHEMBL444432,14,10,623.727000,-1.703200,234.840000,21,44
CHEMBL362612,5,1,425.532000,6.415520,58.370000,7,32
CHEMBL3218649,6,0,509.075000,5.507220,60.250000,7,35
CHEMBL1079108,7,5,530.694000,5.977200,113.320000,8,38
CHEMBL2164824,6,2,469.800000,3.452100,64.680000,7,30
CHEMBL209394,8,4,498.612000,4.338900,129.780000,6,36
CHEMBL3645254,11,4,652.759000,5.826300,142.610000,12,49
CHEMBL3218887,7,0,466.589000,4.549700,79.740000,5,35
CHEMBL2011834,8,2,560.739000,5.447200,90.980000,8,41
CHEMBL108025,8,1,573.726000,5.734800,81.250000,9,42
CHEMBL2048812,7,0,446.551000,3.384300,59.830000,7,33
CHEMBL2113328,7,3,560.746000,5.554900,87.630000,11,42
CHEMBL400879,10,5,631.781000,5.814500,135.870000,11,47
CHEMBL205711,9,6,565.099000,4.226000,153.090000,10,39
CHEMBL322499,10,3,546.635000,4.142500,122.900000,7,41
CHEMBL368247,5,1,430.335000,6.199420,58.370000,4,29
CHEMBL3586022,9,2,540.649000,5.146700,103.190000,9,39
CHEMBL181619,8,1,558.462000,6.222400,93.900000,7,38
CHEMBL208930,7,4,431.540000,4.177800,107.360000,7,32
CHEMBL181350,7,1,481.637000,5.132000,71.110000,9,35
CHEMBL3319281,9,2,522.052000,2.932700,111.710000,6,34
CHEMBL2048817,6,1,446.595000,4.264800,61.460000,7,33
CHEMBL179812,5,1,486.321000,7.074120,58.370000,6,32
CHEMBL275660,9,5,516.646000,2.837800,122.120000,10,38
CHEMBL2163468,14,10,640.749000,1.765000,219.910000,13,47
CHEMBL178266,5,1,506.433000,6.980820,58.370000,5,35
CHEMBL3218901,10,0,511.586000,3.861420,104.100000,7,38
CHEMBL223269,7,4,547.490000,5.783500,101.620000,8,38
CHEMBL2426674,6,0,477.008000,4.472700,58.560000,6,34
CHEMBL383766,7,5,461.591000,4.003200,123.990000,6,33
CHEMBL203843,6,5,344.422000,3.354180,113.640000,5,26
CHEMBL3645261,8,2,601.751000,7.563200,94.060000,10,45
CHEMBL1082164,5,1,423.516000,4.823200,56.410000,3,32
CHEMBL208842,8,6,468.561000,4.907500,128.180000,8,35
CHEMBL3586028,10,2,504.543000,2.828800,103.410000,7,37
CHEMBL3218889,9,0,481.560000,2.935100,101.860000,5,36
CHEMBL415134,8,2,570.697000,5.834900,97.720000,12,43
CHEMBL2163458,18,13,770.896000,-0.479900,288.340000,18,56
CHEMBL428383,8,5,600.767000,5.151600,107.770000,13,45
CHEMBL183123,3,1,322.452000,4.276400,32.340000,5,24
CHEMBL240599,8,5,531.664000,4.936200,117.410000,10,40
CHEMBL540604,6,3,519.089000,4.905800,90.010000,12,37
CHEMBL3358451,5,2,494.867000,4.809400,47.610000,5,33
CHEMBL13817,9,3,528.675000,1.765300,122.040000,8,37
CHEMBL2113317,8,4,524.669000,4.442200,103.010000,13,39
CHEMBL206446,7,4,411.531000,2.910300,115.200000,6,29
CHEMBL2048815,6,0,423.557000,3.546100,54.900000,8,31
CHEMBL2011894,8,2,576.644000,4.956800,90.980000,8,42
CHEMBL434649,11,6,506.600000,0.084700,176.920000,17,36
CHEMBL1079302,7,5,432.590000,4.080500,113.320000,12,30
CHEMBL391922,7,4,520.681000,4.577000,84.550000,9,39
CHEMBL382375,6,5,451.983000,5.351800,99.080000,8,31
CHEMBL2011890,6,2,525.693000,6.636500,70.670000,9,39
CHEMBL361349,7,1,532.468000,6.750920,76.830000,9,36
CHEMBL178128,5,1,432.351000,6.050920,58.370000,7,29
CHEMBL393692,9,4,547.663000,4.607300,123.210000,11,41
CHEMBL374918,8,5,635.816000,6.995300,117.410000,12,48
CHEMBL2048807,6,0,464.606000,4.302200,51.240000,6,34
CHEMBL2164825,5,2,466.796000,4.690600,61.440000,4,30
CHEMBL1078115,7,5,404.536000,3.297100,113.320000,7,28
CHEMBL205995,7,5,481.666000,5.226600,123.990000,12,34
CHEMBL2011888,8,3,450.539000,2.766000,99.770000,6,33
CHEMBL3319282,8,2,474.951000,4.105800,110.160000,4,31
CHEMBL206672,7,4,473.602000,5.047400,110.000000,8,34
CHEMBL1087907,7,1,432.524000,2.991200,68.880000,3,32
CHEMBL3218910,8,0,484.604000,3.843620,78.070000,6,36
CHEMBL2164510,6,2,523.464000,4.431520,64.680000,6,36
CHEMBL3581047,9,2,660.778000,6.941300,114.790000,13,50
CHEMBL431245,8,1,511.655000,4.155800,81.250000,9,37
CHEMBL3593636,9,2,589.092000,5.428600,102.020000,8,42
CHEMBL2164829,6,2,502.229000,3.859500,64.680000,4,31
CHEMBL2011826,8,2,568.718000,5.295440,90.980000,8,42
CHEMBL3319404,10,2,573.100000,4.273620,126.290000,5,38
CHEMBL2163457,17,11,777.887000,0.837300,262.320000,17,57
CHEMBL417092,10,8,557.699000,2.357100,156.930000,10,41
CHEMBL403426,10,3,618.738000,6.271800,119.080000,11,46
CHEMBL205848,8,6,480.638000,3.603400,136.020000,9,34
CHEMBL3218646,4,0,492.088000,6.874220,38.130000,5,34
CHEMBL178138,6,1,446.334000,5.691120,75.440000,6,30
CHEMBL1081611,5,1,437.543000,5.130020,56.410000,3,33
CHEMBL379887,8,5,514.655000,3.881900,127.230000,7,37
CHEMBL398797,8,3,533.680000,4.636820,100.520000,9,40
CHEMBL375568,8,6,441.539000,3.495400,128.270000,7,33
CHEMBL1079623,6,1,448.523000,4.417200,69.300000,3,32
CHEMBL1078982,7,5,494.661000,5.753800,113.320000,10,35
CHEMBL376459,8,4,507.642000,4.125200,114.510000,10,38
CHEMBL206741,9,5,493.589000,3.941820,146.360000,9,35
CHEMBL415136,10,2,559.630000,4.860400,119.840000,10,42
CHEMBL440939,7,1,552.458000,7.260800,76.830000,9,38
CHEMBL108335,18,14,887.059000,1.336820,300.890000,23,65
CHEMBL109094,9,1,581.746000,4.186500,90.480000,11,42
CHEMBL375161,10,5,591.716000,5.034300,135.870000,11,44
CHEMBL2011833,8,2,568.718000,5.413700,90.980000,8,42
CHEMBL3645258,11,4,621.742000,3.624600,135.190000,12,46
CHEMBL2048824,7,0,487.007000,4.111800,66.630000,5,35
CHEMBL266964,8,3,565.681000,5.917500,104.280000,10,43
CHEMBL3586027,8,2,528.996000,4.913800,94.600000,7,38
CHEMBL444131,13,10,650.740000,0.691700,217.090000,15,48
CHEMBL239007,7,4,562.762000,5.277500,84.550000,11,42
CHEMBL3319214,9,3,511.025000,3.311400,126.490000,10,33
CHEMBL2164500,6,2,528.267000,4.415700,64.680000,6,33
CHEMBL204776,9,5,503.584000,3.836100,142.450000,6,36
CHEMBL365294,7,1,558.506000,6.545100,76.830000,9,38
CHEMBL2113326,8,4,557.702000,5.414700,103.420000,9,42
CHEMBL178838,5,1,383.879000,5.401920,58.370000,6,27
CHEMBL206638,7,5,425.558000,3.621100,123.990000,5,30
CHEMBL383058,7,3,453.612000,4.150000,101.210000,9,32
CHEMBL206588,7,5,431.949000,3.539400,123.990000,6,29
CHEMBL205833,5,5,429.955000,5.358700,89.850000,7,31
CHEMBL252501,10,4,594.716000,4.629600,137.150000,13,44
CHEMBL2163466,17,12,876.076000,2.565200,261.460000,21,64
CHEMBL3319396,12,2,632.168000,3.517100,138.760000,9,42
CHEMBL1077617,10,6,612.793000,5.245400,149.020000,17,43
CHEMBL378118,8,5,419.485000,3.142300,125.380000,7,31
CHEMBL324845,10,1,537.624000,3.777600,115.390000,10,40
CHEMBL2048809,5,0,414.933000,3.852000,42.010000,6,29
CHEMBL186540,5,1,446.378000,6.870300,58.370000,7,30
CHEMBL390308,6,2,472.029000,5.434600,70.670000,8,33
CHEMBL3593814,9,3,549.027000,4.280600,110.810000,8,39
CHEMBL3586029,9,2,530.625000,3.812000,94.180000,7,39
CHEMBL540093,8,3,543.451000,4.078700,116.310000,9,37
CHEMBL209443,8,4,490.633000,4.329500,129.780000,6,35
CHEMBL3581046,9,2,625.777000,6.310500,100.960000,12,47
CHEMBL205486,5,5,359.886000,4.197400,89.850000,5,24
CHEMBL206820,8,6,492.580000,4.074800,136.020000,8,35
CHEMBL301259,14,6,701.721000,0.097100,208.670000,11,48
CHEMBL412362,7,5,524.444000,5.030000,116.150000,8,33
CHEMBL398607,7,4,464.573000,3.892500,101.620000,9,35
CHEMBL3581031,6,3,488.035000,5.265800,81.750000,9,35
CHEMBL2163462,19,13,823.960000,0.343600,295.340000,19,60
CHEMBL399651,8,2,571.681000,6.129500,94.060000,11,43
CHEMBL2170692,15,12,928.192000,4.243000,256.420000,26,68
CHEMBL2048811,8,0,462.550000,3.557020,80.930000,7,34
CHEMBL186974,6,1,516.469000,7.106100,67.600000,9,35
CHEMBL1078608,7,5,452.580000,4.088900,113.320000,8,32
CHEMBL221674,9,4,552.679000,4.553000,120.080000,11,41
CHEMBL178329,5,1,432.351000,6.363740,58.370000,6,29
CHEMBL3319223,11,2,621.185000,3.159400,124.180000,8,41
CHEMBL378909,8,4,422.514000,2.671900,129.780000,5,30
CHEMBL428698,5,1,424.372000,5.339620,58.370000,6,28
CHEMBL2164498,6,2,481.811000,3.514520,64.680000,4,31
CHEMBL178137,8,1,394.431000,4.656720,101.510000,7,29
CHEMBL1080155,6,1,507.512000,5.720200,65.640000,4,37
CHEMBL1080939,6,1,458.949000,4.870000,69.300000,3,33
CHEMBL374919,7,4,542.687000,5.689000,101.620000,9,41
CHEMBL212761,8,6,420.517000,3.944800,128.180000,6,31
CHEMBL378438,8,5,426.480000,3.672100,129.040000,7,32
CHEMBL1082189,7,1,442.519000,4.426440,82.440000,3,33
CHEMBL250807,8,3,565.681000,6.491900,104.280000,9,43
CHEMBL444277,7,5,462.557000,5.185100,111.970000,8,35
CHEMBL221662,9,6,598.755000,5.887200,133.200000,11,45
CHEMBL2164509,6,3,433.339000,2.518920,73.470000,4,29
CHEMBL3797857,10,5,579.705000,3.983400,139.950000,13,43
CHEMBL3586031,10,2,542.592000,3.627800,111.250000,7,40
CHEMBL2164502,6,2,530.283000,4.638100,64.680000,5,33
CHEMBL205450,6,5,479.506000,5.655700,99.080000,8,35
CHEMBL2164827,6,2,433.339000,2.552700,64.680000,4,29
CHEMBL3218650,7,0,492.023000,4.569420,65.180000,7,35
CHEMBL184368,7,1,535.516000,5.586200,78.680000,9,36
CHEMBL365721,6,1,538.475000,7.540700,67.600000,10,37
CHEMBL204266,8,5,502.644000,3.955600,127.230000,9,36
CHEMBL203158,8,5,439.541000,3.175100,133.220000,6,31
CHEMBL178475,6,3,504.336000,4.035400,86.870000,7,33
CHEMBL407647,7,4,437.569000,3.878100,110.000000,8,31
CHEMBL3218906,8,0,526.685000,5.253520,78.070000,7,39
CHEMBL414930,9,3,595.707000,5.926100,113.510000,11,45
CHEMBL18815,9,6,514.630000,2.497200,130.910000,9,38
CHEMBL182154,6,1,458.345000,5.835220,75.440000,4,31
CHEMBL373993,8,5,455.566000,3.620700,117.410000,8,34
CHEMBL3218900,9,0,502.619000,3.708120,87.300000,8,37
CHEMBL3586026,10,2,513.554000,3.875600,108.760000,8,38
CHEMBL1077716,6,3,375.494000,4.189200,87.300000,9,26
CHEMBL2164506,7,2,530.239000,3.776200,81.750000,5,33
CHEMBL397593,8,3,565.718000,5.008200,90.980000,11,42
CHEMBL415135,8,2,541.659000,5.464700,101.380000,10,41
CHEMBL178384,5,2,390.270000,5.640920,67.160000,5,26
CHEMBL2164492,6,2,489.447000,3.850200,64.680000,4,33
CHEMBL3798155,10,3,649.702000,5.623200,126.820000,12,48
CHEMBL3319277,7,2,409.876000,3.315100,105.230000,3,26
CHEMBL1081612,5,1,455.533000,5.269120,56.410000,3,34
CHEMBL2011836,9,2,562.711000,4.295100,100.210000,9,41
CHEMBL373392,8,5,614.581000,6.518300,117.410000,10,43
CHEMBL2163451,18,13,800.966000,0.402200,288.340000,21,58
CHEMBL2163476,19,15,859.993000,0.737900,312.920000,21,63
CHEMBL3581045,9,2,572.669000,4.948700,111.770000,11,43
CHEMBL205794,8,6,468.627000,3.459300,136.020000,10,33
CHEMBL364430,7,1,503.430000,5.767700,78.680000,9,34
CHEMBL2113324,10,4,631.781000,5.491000,121.880000,12,47
CHEMBL182134,6,1,432.307000,5.581920,75.440000,5,29
CHEMBL240392,9,4,524.625000,3.909700,120.080000,11,39
CHEMBL2164822,7,2,510.425000,3.830920,77.570000,5,35
CHEMBL208424,8,5,467.595000,3.806400,133.220000,9,33
CHEMBL400381,11,3,612.694000,5.400800,135.630000,11,46
CHEMBL395441,9,4,564.690000,3.724300,117.090000,11,42
CHEMBL540603,6,3,507.860000,3.611200,90.010000,10,31
CHEMBL391980,10,6,604.759000,3.624300,121.600000,11,45
CHEMBL2048814,8,0,481.984000,3.432700,72.720000,7,34
CHEMBL2426675,6,0,468.601000,4.306600,58.560000,5,35
CHEMBL204325,8,5,579.551000,5.208600,133.220000,9,40
CHEMBL382138,9,5,469.567000,2.819300,150.290000,9,33
CHEMBL3319228,11,2,616.169000,3.816920,129.530000,8,41
CHEMBL3319213,8,2,493.010000,3.779500,108.470000,4,32
CHEMBL359506,6,2,480.351000,6.139120,84.230000,6,33
CHEMBL2163440,17,13,784.919000,0.706100,279.890000,19,57
CHEMBL3798204,10,7,590.732000,4.677400,152.660000,11,44
CHEMBL274460,9,6,544.700000,3.521800,130.910000,12,40
CHEMBL385131,7,4,534.708000,5.428720,101.620000,11,40
CHEMBL1078700,7,5,452.580000,4.719620,113.320000,7,32
CHEMBL3319224,10,2,613.165000,4.384800,124.600000,8,41
CHEMBL252255,10,3,611.706000,6.550200,122.740000,11,46
CHEMBL1081254,6,1,453.542000,4.830200,65.640000,4,34
CHEMBL3797531,9,4,571.685000,5.167600,123.740000,11,43
CHEMBL178161,4,1,417.336000,7.112720,55.130000,6,28
CHEMBL394054,9,3,592.744000,5.152200,106.090000,12,44
CHEMBL3319402,10,2,594.159000,4.253800,120.940000,10,39
CHEMBL3319220,10,2,580.132000,3.721500,120.940000,9,38
CHEMBL558181,6,3,541.095000,5.940800,90.010000,10,39
CHEMBL204352,6,5,354.845000,3.530900,102.740000,5,25
CHEMBL3319280,8,3,480.999000,3.683300,117.260000,7,31
CHEMBL1078533,7,5,404.536000,3.647900,113.320000,10,28
CHEMBL2163475,18,13,911.081000,2.613400,288.340000,22,67
CHEMBL3581040,8,2,592.650000,5.988500,97.720000,11,44
CHEMBL223323,7,4,486.664000,5.067800,101.620000,12,36
CHEMBL392663,9,4,580.733000,4.594200,103.010000,11,43
CHEMBL278623,9,7,474.565000,1.844800,144.900000,10,35
CHEMBL1081483,6,1,439.515000,4.441700,65.640000,4,33
CHEMBL2048816,5,0,463.647000,4.998200,45.670000,7,33
CHEMBL187427,7,1,501.414000,5.869300,78.680000,8,34
CHEMBL3319408,9,2,548.090000,3.771800,111.710000,4,36
CHEMBL3319405,10,2,578.116000,3.616100,120.940000,5,38
CHEMBL1082190,7,2,413.481000,3.544700,85.090000,3,31
CHEMBL382853,9,5,490.589000,3.435400,146.110000,9,35
CHEMBL3645262,8,2,551.691000,6.267500,94.060000,12,41
CHEMBL3319275,6,2,361.810000,3.920200,80.320000,3,24
CHEMBL2164828,6,2,467.784000,3.206100,64.680000,4,30
CHEMBL3218888,9,0,483.576000,3.182700,101.860000,7,36
CHEMBL3319398,11,2,630.196000,3.794680,138.740000,8,42
CHEMBL2011889,9,2,554.647000,4.318800,108.050000,7,41
CHEMBL212046,8,5,440.507000,3.601000,129.040000,8,33
CHEMBL359714,6,2,434.323000,5.027720,78.600000,7,29
CHEMBL249638,8,4,522.653000,4.544400,110.850000,10,39
CHEMBL3319399,10,2,589.143000,3.814500,116.640000,7,39
CHEMBL207268,7,4,453.612000,4.515800,110.000000,10,32
CHEMBL2164493,6,2,447.366000,2.861120,64.680000,4,30
CHEMBL1078402,7,5,418.563000,3.688800,113.320000,9,29
CHEMBL3218884,7,0,471.605000,4.686620,65.180000,6,35
CHEMBL213703,7,5,405.502000,4.009400,116.150000,8,30
CHEMBL2163348,18,14,849.994000,0.252700,305.330000,23,62
CHEMBL203948,8,5,426.546000,2.385200,127.230000,7,30
CHEMBL2163469,10,8,503.607000,2.314400,162.130000,9,37
CHEMBL2048823,8,0,475.984000,3.235500,71.560000,5,34
CHEMBL384524,7,5,453.546000,4.596100,116.150000,9,34
CHEMBL2113322,8,4,571.729000,5.473800,103.420000,10,43
CHEMBL1081301,6,1,424.504000,4.216600,69.300000,3,32
CHEMBL203019,7,5,463.607000,4.227200,123.990000,6,33
CHEMBL391859,8,4,524.669000,4.165600,97.690000,10,39
CHEMBL279822,9,5,516.646000,2.837800,122.120000,10,38
CHEMBL365460,7,1,543.495000,6.690400,78.680000,9,37
CHEMBL374757,8,5,531.664000,5.152400,117.410000,9,40
CHEMBL2164508,6,2,461.393000,3.251220,64.680000,5,31
CHEMBL3319212,8,2,509.053000,4.417200,108.470000,9,33
CHEMBL221723,7,4,506.654000,4.730200,101.620000,10,38
CHEMBL241242,8,5,524.669000,3.930400,107.770000,12,39
CHEMBL2048822,7,0,472.618000,3.828320,66.630000,5,34
CHEMBL1079091,7,5,494.661000,5.708700,113.320000,7,35
CHEMBL204564,6,5,361.449000,3.685100,106.920000,6,27
CHEMBL180755,7,3,465.472000,2.737200,96.100000,8,33
CHEMBL361366,5,1,349.434000,4.748520,58.370000,6,26
CHEMBL2011892,4,1,510.669000,7.118600,41.570000,9,37
CHEMBL204511,6,6,363.465000,3.535800,110.080000,6,27
CHEMBL205136,8,5,364.409000,3.390700,132.990000,6,27
CHEMBL2011830,7,2,539.676000,5.815500,87.740000,8,40
CHEMBL392902,7,5,522.697000,4.482600,98.540000,11,39
CHEMBL1080735,5,1,491.513000,5.840400,56.410000,3,36
CHEMBL374920,8,5,609.778000,6.754800,117.410000,11,46
CHEMBL3581048,8,2,606.730000,6.863500,97.720000,11,46
CHEMBL2011824,9,2,570.690000,4.687200,100.210000,9,42
CHEMBL413856,8,5,469.593000,3.700200,117.410000,8,35
CHEMBL362595,6,1,443.334000,5.927000,82.160000,6,30
CHEMBL375972,8,4,536.680000,4.738800,110.850000,11,40
CHEMBL205294,7,5,451.596000,4.371300,123.990000,6,32
CHEMBL3319229,11,2,630.196000,4.125340,129.530000,8,42
CHEMBL3586023,9,2,525.609000,4.471900,99.530000,9,39
CHEMBL422461,14,9,634.775000,-0.445600,232.040000,22,45
CHEMBL2164501,6,2,516.256000,4.249600,64.680000,4,32
CHEMBL182542,6,2,462.377000,5.671800,78.600000,9,31
CHEMBL3218645,4,0,486.059000,6.812720,38.130000,5,35
CHEMBL2163453,18,12,859.005000,1.997200,278.110000,19,63
CHEMBL2170691,16,12,956.202000,3.884600,273.490000,27,70
CHEMBL401468,7,2,554.698000,5.998600,88.490000,11,42
CHEMBL377514,9,6,558.708000,4.189440,153.090000,10,40
CHEMBL3319221,10,2,601.154000,4.113500,116.640000,8,40
CHEMBL2011828,8,2,538.648000,4.432600,90.980000,8,40
CHEMBL181739,6,1,379.460000,4.757120,67.600000,7,28
CHEMBL3581042,9,2,586.696000,5.718900,106.950000,12,44
CHEMBL428314,9,2,572.669000,5.394300,106.950000,11,43
CHEMBL208374,6,5,391.519000,4.482800,99.080000,7,29
CHEMBL222610,9,5,575.717000,5.220100,126.640000,11,43
CHEMBL376735,8,5,638.614000,6.364100,117.410000,11,43
CHEMBL3586030,10,2,530.581000,3.359800,103.410000,7,39
CHEMBL205374,7,5,411.531000,3.447000,123.990000,6,29
CHEMBL240179,7,4,506.654000,4.514000,101.620000,11,38
CHEMBL2113323,9,4,601.755000,5.624900,112.650000,11,45
CHEMBL447444,13,10,678.794000,1.468700,217.090000,15,50
CHEMBL1080320,6,1,430.533000,4.278100,69.300000,3,31
CHEMBL434573,10,5,605.743000,5.228700,135.870000,12,45
CHEMBL3586021,9,2,523.593000,5.283200,103.440000,9,39
CHEMBL183916,7,3,465.472000,2.737200,96.100000,8,33
CHEMBL205470,7,5,453.546000,4.839500,116.150000,9,34
CHEMBL3218913,9,0,542.684000,4.632420,87.300000,9,40
CHEMBL401260,8,2,542.643000,5.515900,97.720000,10,41
CHEMBL2164830,6,2,467.784000,3.206100,64.680000,4,30
CHEMBL205963,8,6,438.557000,2.575600,136.020000,8,31
CHEMBL203782,7,5,412.497000,4.031900,111.970000,8,31
CHEMBL3799225,10,3,618.738000,5.330500,123.160000,12,46
CHEMBL3581034,8,2,635.566000,6.472800,97.720000,11,43
CHEMBL2164495,6,2,447.366000,2.861120,64.680000,4,30
CHEMBL399653,10,5,625.733000,6.193000,135.870000,11,47
CHEMBL223725,8,5,573.745000,5.796000,117.410000,12,43
CHEMBL1079624,6,1,424.504000,4.216600,69.300000,3,32
CHEMBL363930,7,1,504.414000,6.052400,76.830000,9,34
CHEMBL3586033,8,2,566.702000,5.226900,84.950000,8,42
CHEMBL3218898,9,0,516.646000,4.098220,87.300000,9,38
CHEMBL434738,7,4,510.617000,4.674900,101.620000,9,38
CHEMBL3319226,11,2,602.142000,3.508500,129.530000,8,40
CHEMBL1079107,7,5,502.640000,5.242100,113.320000,8,36
CHEMBL211188,7,5,431.521000,4.338600,116.150000,7,31
CHEMBL1088037,6,1,460.484000,4.494800,69.300000,3,34
CHEMBL3645257,10,4,566.662000,3.628500,134.160000,12,42
CHEMBL3581037,9,4,571.685000,5.292500,123.740000,11,43
CHEMBL182035,6,3,504.336000,4.035400,86.870000,7,33
CHEMBL2048820,8,0,496.040000,3.605420,71.560000,5,34
CHEMBL1078699,7,5,452.580000,4.719620,113.320000,7,32
CHEMBL208477,8,4,490.585000,4.007300,130.420000,9,35
CHEMBL3319219,9,2,576.144000,4.200200,111.710000,8,38
CHEMBL374917,7,4,582.752000,6.319600,101.620000,11,44
CHEMBL379191,7,5,417.513000,4.153500,116.150000,7,31
CHEMBL202642,6,5,451.983000,5.351800,99.080000,8,31
CHEMBL399446,10,5,591.716000,5.034300,135.870000,11,44
CHEMBL393693,10,5,577.689000,4.450100,135.870000,12,43
CHEMBL109035,9,1,549.679000,4.785200,98.320000,11,41
CHEMBL383454,8,5,506.607000,4.099100,127.230000,8,36
CHEMBL1081212,6,1,453.542000,4.830200,65.640000,4,34
CHEMBL185399,6,1,516.469000,7.248600,67.600000,9,35
CHEMBL368034,6,2,437.584000,4.781200,70.670000,8,32
CHEMBL2048808,5,0,380.488000,3.198600,42.010000,6,28
CHEMBL3799776,10,3,631.712000,5.484100,126.820000,12,47
CHEMBL277376,8,3,562.718000,5.001100,96.860000,11,42
CHEMBL3218648,5,0,508.087000,6.112220,47.360000,7,35
CHEMBL205521,7,5,446.942000,4.685300,111.970000,8,32
CHEMBL443560,6,1,448.350000,6.063920,67.600000,7,30
CHEMBL375150,8,4,522.653000,4.544400,110.850000,10,39
CHEMBL427076,8,4,550.707000,4.933200,110.850000,12,41
CHEMBL1079873,7,5,460.644000,4.859100,113.320000,12,32
CHEMBL275141,10,8,517.634000,2.417900,156.930000,10,38
CHEMBL2113320,8,4,571.729000,5.729500,103.420000,10,43
CHEMBL204880,7,4,453.612000,4.371700,110.000000,9,32
CHEMBL3218911,9,0,514.630000,3.852220,87.300000,7,38
CHEMBL266199,8,4,496.615000,4.323200,114.760000,10,37
CHEMBL2164496,6,2,447.366000,2.861120,64.680000,4,30
CHEMBL180096,6,3,469.891000,3.382000,86.870000,7,32
CHEMBL2163459,18,12,784.923000,-0.137700,279.550000,19,57
CHEMBL2011820,8,2,575.109000,5.332000,90.980000,8,41
CHEMBL401467,10,3,625.733000,5.934700,122.740000,12,47
CHEMBL1087908,6,1,442.494000,4.355700,69.300000,3,33
CHEMBL1078900,7,5,480.634000,5.534600,113.320000,8,34
CHEMBL1079622,6,1,458.949000,4.870000,69.300000,3,33
CHEMBL180722,5,1,383.879000,5.401920,58.370000,6,27
CHEMBL249639,9,3,581.680000,5.997200,113.510000,10,44
CHEMBL210173,8,5,420.517000,3.896900,119.390000,7,31
CHEMBL2164497,6,2,481.811000,3.514520,64.680000,4,31
CHEMBL61663,12,7,522.599000,-0.377200,197.150000,18,37
CHEMBL2048821,7,0,460.607000,3.557020,58.670000,5,33
CHEMBL2048813,8,0,447.539000,2.779300,72.720000,7,33
CHEMBL2048810,6,0,487.040000,4.886800,51.240000,9,34
CHEMBL2163481,18,13,849.010000,0.988900,288.340000,22,62
CHEMBL3319403,10,2,559.073000,3.965200,126.290000,5,37
CHEMBL206091,5,5,353.857000,4.135900,89.850000,5,25
CHEMBL221517,10,4,551.651000,4.638400,144.760000,11,41
CHEMBL2011887,8,2,504.631000,3.888400,90.980000,8,37
CHEMBL205660,7,5,436.519000,4.508580,122.870000,8,33
CHEMBL2011831,8,2,540.664000,4.678600,90.980000,8,40
CHEMBL380971,9,5,479.562000,3.633400,146.360000,9,34
CHEMBL382033,8,6,474.590000,3.935700,136.020000,8,34
CHEMBL383522,9,5,456.506000,4.545100,142.220000,9,34
CHEMBL2163445,18,14,744.858000,-0.966200,297.130000,19,54
CHEMBL323026,9,1,581.696000,5.314400,98.320000,11,43
CHEMBL185028,7,1,552.458000,7.260800,76.830000,9,38
CHEMBL2011825,8,2,572.681000,5.126120,90.980000,8,42
CHEMBL111780,9,3,495.587000,3.648100,121.100000,10,37
CHEMBL2011822,9,2,570.690000,4.687200,100.210000,9,42
CHEMBL1082210,5,1,441.506000,4.960700,56.410000,3,33
CHEMBL110900,8,1,539.709000,4.415900,81.250000,11,39
CHEMBL376471,9,5,589.744000,5.610200,126.640000,12,44
CHEMBL3319218,9,2,560.101000,3.304100,111.710000,7,37
CHEMBL2164834,6,2,447.366000,2.861120,64.680000,4,30
CHEMBL206486,7,5,433.484000,3.164200,123.990000,6,30
CHEMBL205568,6,5,411.509000,4.636900,99.080000,8,31
CHEMBL211581,7,5,363.421000,2.983200,116.150000,6,27
CHEMBL3218891,9,0,488.592000,3.319620,87.300000,8,36
CHEMBL2426678,7,0,469.589000,3.701600,71.450000,5,35
CHEMBL385803,9,4,566.706000,4.747400,120.080000,12,42
CHEMBL205445,8,5,469.611000,3.886300,133.220000,10,33
CHEMBL377515,8,5,413.503000,2.470000,133.220000,7,29
CHEMBL223638,7,4,575.544000,6.037000,101.620000,10,40
CHEMBL359530,5,1,383.879000,5.401920,58.370000,6,27
CHEMBL178494,5,1,404.297000,5.665220,58.370000,5,27
CHEMBL211211,8,6,440.507000,4.668800,128.180000,7,33
CHEMBL181736,5,1,446.378000,6.617720,58.370000,7,30
CHEMBL1078498,7,5,438.553000,4.411200,113.320000,7,31
CHEMBL2163455,17,12,719.848000,-0.757700,272.550000,19,52
CHEMBL1080938,6,1,424.504000,4.216600,69.300000,3,32
CHEMBL1082211,5,1,423.516000,4.821600,56.410000,3,32
CHEMBL2164831,6,2,467.784000,3.206100,64.680000,4,30
CHEMBL363896,5,1,432.351000,6.309300,58.370000,7,29
CHEMBL3581036,8,2,591.115000,6.363700,97.720000,11,43
CHEMBL2011832,8,2,554.691000,5.239600,90.980000,8,41
CHEMBL212354,8,6,406.490000,3.554700,128.180000,7,30
CHEMBL204835,7,4,411.531000,3.345500,110.000000,7,29
CHEMBL294324,12,4,678.771000,3.085500,176.410000,12,46
CHEMBL426905,7,4,512.683000,4.791700,101.620000,10,37
CHEMBL3319400,9,2,574.128000,5.207900,113.400000,10,38
CHEMBL3218907,9,0,514.630000,3.709720,87.300000,7,38
CHEMBL381159,7,3,425.558000,3.369800,101.210000,7,30
CHEMBL212415,7,5,445.548000,4.267500,116.150000,8,32
CHEMBL3218908,8,0,437.544000,2.790220,74.410000,6,32
CHEMBL205784,7,5,441.535000,4.645500,108.310000,9,33
CHEMBL249659,8,3,537.627000,5.929500,104.280000,8,41
CHEMBL207754,7,5,425.558000,3.522100,123.990000,7,30
CHEMBL394179,7,4,506.654000,4.329400,84.550000,9,38
CHEMBL3319279,8,2,493.010000,3.781100,108.470000,6,32
CHEMBL205896,8,5,500.628000,3.886300,127.230000,7,36
CHEMBL400175,8,2,542.643000,5.515900,97.720000,10,41
CHEMBL3218915,9,0,550.610000,4.445020,87.300000,8,40
CHEMBL425594,8,5,489.601000,4.040400,133.220000,9,35
CHEMBL3319211,8,2,480.999000,3.637000,108.470000,7,31
CHEMBL1082044,7,5,460.644000,4.716600,113.320000,12,32
CHEMBL2164507,5,2,515.268000,5.734100,61.440000,5,32
CHEMBL240522,9,5,565.722000,3.143000,105.810000,11,42
CHEMBL1079046,7,4,474.671000,5.119800,99.330000,13,33
CHEMBL2163454,16,12,768.920000,1.000500,259.660000,19,56
CHEMBL3580668,8,2,606.730000,6.863500,97.720000,11,46
CHEMBL374643,9,5,575.717000,5.220100,126.640000,11,43
CHEMBL399652,7,2,557.698000,6.489300,76.990000,12,42
CHEMBL3319225,11,2,602.142000,3.508500,129.530000,8,40
CHEMBL3586020,8,2,539.661000,5.751700,90.300000,9,39
CHEMBL2163443,18,12,793.886000,0.542900,282.550000,17,58
CHEMBL205847,8,6,412.519000,2.043000,136.020000,7,29
CHEMBL2163460,19,13,900.058000,1.566400,295.340000,21,66
CHEMBL207792,8,6,488.617000,3.613400,136.020000,9,35
CHEMBL206673,7,4,487.629000,4.915900,110.000000,9,35
CHEMBL363021,6,1,508.490000,6.142800,67.600000,9,34
